insert into Employee values(1234,'Bengaluru','1997-05-09','Sushma','Bharadwaj',9090909090,'S')
insert into Employee values(1235,'Mysuru','1995-12-04','Sahana',' ',9111111111,'S')
insert into Employee values(1236,'Mangalore','1991-11-09','Sumith','S',9222222222,'R')
insert into Employee values(1237,'Mumbai','1994-06-25','Rahul','Raj',9333333333,'B')
insert into Employee values(1238,'Hyderabad','1996-08-12','Anjali',' ',9444444444,'S')
insert into Employee values(1239,'Kolkata','1999-12-01','Sushma','G',9555555555,'')
insert into Employee values(1230,'Delhi','2000-01-07','Madhuri',' ',9666666666,'S')
insert into Employee values(1231,'Chennai','1993-02-23','Praveen','Bharadwaj',9777777777,'N')
insert into Employee values(1232,'Lucknow','1985-10-19','Usha','K',9888888888,'G')
insert into Employee values(1233,'Udupi','1989-09-16','Suresh','G',9999999999,'S')
insert into Course values('Java001','Core-Java')
insert into Course values('SAP002','SAP-ABAP')
insert into Course values('JavaA003','Java-Angular')
insert into Course values('JavaR004','Java-React')
insert into Course values('Spr005','SpringBoot')
insert into Course values('SprMs006','SpringBoot Microservices')
insert into Course values('MS007','Mean Stack')
insert into Course values('AJS008','Angular JS')
insert into Course values('HCS009','HTML-CSS-BOOTSTRAP')
insert into Course values('JavaT010','Java-Testing')
insert into Training values('JavaA003',1231,null,0.0,0,'Not Started')
insert into Training values('SAP002',1235,null,0.0,8.2,'In Progress')
insert into Training values('AJS008',1236,'2020-09-12', 89.70,10.0,'Completed')
insert into Training values('HCS009',1237,null, 0.0,5.7,'In Progress')
insert into Training values('JavaA003',1238,'2020-07-16', 85.40,9.5,'Completed')
insert into Training values('SprMs006',1239,null, 0.0,0,'Not Started')
insert into Training values('JavaR004',1234,'2020-09-09', 90.08,10.3,'Completed')
insert into Training values('SAP002',1232,'2020-06-21', 96.32,12.4,'Completed')
insert into Training values('JavaT010',1233,null, 0.0,8.1,'In Progress')
insert into Training values('JavaR004',1230, '2020-07-30',95.38,10.5,'Completed')
